﻿Code Greffe;Nom_Greffe;Numero_Gestion;Siren;ID_Observation;Numéro_Observation;Date_Ajout;Date_Suppression;Texte;Date_Greffe;Etat 
2401;"Bergerac";2003B00173;450819008;1;45113;2017-01-12;;"  Cette société déjà constituée sous la forme SARL Se transforme en SAS A compter du 01/01/2017 ";2017-05-03;Ajout
2401;"Bergerac";2017A00187;538678673;1;47106;2017-05-02;;"  L'assujetti a déclaré avoir informé son conjoint des conséquences sur les biens communs des dettes contractées dans l'exercice de sa profession (Article L.526-4 du code de commerce)";2017-05-02;Ajout
2401;"Bergerac";2012B00012;539283531;1;46573;2017-03-29;;"  Jugement du tribunal de commerce de  Bergerac , prononce en date du  29/03/2017  , l'ouverture d'une procédure de redressement judiciaire sous le numéro 2017J00047 , date de cessation des paiements le  01/04/2016  désigne     Mandataire judiciaire  Scp Pimouguet Leuret Et Devos-Bot 37 Rue Pozzi  24100 Bergerac  ,  , et ouvre une période d'observation expirant le  29/09/2017 . Le mandataire judiciaire devra déposer la liste des créances dans les  douze mois  à compter du terme du délai de déclaration des créances.  Les déclarations des créances sont à déposer au mandataire judiciaire dans les deux mois à compter de la date de publication au Bodacc ";2017-05-03;Ajout
2401;"Bergerac";2012B00012;539283531;2;47123;2017-05-03;;"  Jugement du tribunal de commerce de  Bergerac en date du  03/05/2017  a prononcé la liquidation judiciaire, sous le numéro  2017J00047 désigne liquidateur Scp Pimouguet Leuret Et Devos-Bot 37 Rue Pozzi  24100 Bergerac      ";2017-05-03;Ajout
2401;"Bergerac";2012B00196;752298463;1;28043;2013-12-06;;"  Le tribunal de commerce de  Bergerac a prononcé en date du  06/12/2013  l'ouverture d'une procédure de sauvegarde, sous le numéro 2013J00127  ,     Mandataire judiciaire  SCP Pimouguet Leuret Et Devos-Bot 37 Rue Pozzi  24100 Bergerac et a ouvert une période d'observation expirant le  06/06/2014 . Les déclarations de créances sont à déposer au Mandataire Judiciaire dans les deux mois de la publication au Bodacc du jugement d'ouverture.";2017-05-03;Ajout
