﻿Code Greffe;Nom_Greffe;Numero_Gestion;Siren;Type;Nom_Patronymique;Nom_Usage;Pseudonyme;Prénoms;Dénomination;Siren;Forme_Juridique;Adresse_Ligne1;Adresse_Ligne2;Adresse_Ligne3;Code_Postal;Ville;Code_Commune;Pays;Date_Naissance;Ville_Naissance;Pays_Naissance;Nationalité;Qualité;Rep_Perm_Nom;Rep_Perm_Nom_Usage;Rep_Perm_Pseudo;Rep_Perm_Prénoms;Rep_Perm_Date_Naissance;Rep_Perm_Ville_Naissance;Rep_Perm_Pays_Naissance;Rep_Perm_Nationalité;Rep_Perm_Adr_Ligne1;Rep_Perm_Adr_Ligne2;Rep_Perm_Adr_Ligne3;Rep_Perm_Code_Postal;Rep_Perm_Ville;Rep_Perm_Code_Commune;Rep_Perm_Pays;Conjoint_Collab_Nom_Patronym;Conjoint_Collab_Nom_Usage;Conjoint_Collab_Pseudo;Conjoint_Collab_Prénoms;Conjoint_Collab_Date_Fin;ID_Représentant;date_greffe;Libelle_Evt
2401;"Bergerac";2008B00241;508116357;P.Physique;WEIDMANN;;;Sylvia Maria;;;;"  Grand Rue";"";"";24560;"Issigeac";"24212";"FRANCE";1962-11-13;" ZURICH ";"SUISSE";"Française";Gérant ;;;;;;;;;;;;;;;;;;;;;1;2008-09-30;Nouveau dirigeant
2401;"Bergerac";2001B00099;438209504;P.Physique;VIARGUES;;;Frédéric;;;;"28 Rue Godefroy";"";"";92800;"Puteaux";"92062";"FRANCE";1975-03-23;"75112 PARIS 12 12(75)";"FRANCE";"Française";Gérant ;;;;;;;;;;;;;;;;;;;;;13;2012-08-07;Nouveau dirigeant
2401;"Bergerac";2010B00299;524831468;P.Physique;HRYSZKIEWICZ;;;Pascal Joseph;;;;" Rue Marc Delbreil";"Le Mas";"";24200;"Sarlat-la-Canéda";"24520";"FRANCE";1970-09-17;"59560 Seclin (59)";"FRANCE";"Française";Gérant ;;;;;;;;;;;;;;;;;;;;;1;2010-09-28;Nouveau dirigeant
2401;"Bergerac";1987B00107;342664976;P.Physique;ARVOUET;;;Jean Yves;;;;" Avenue DES SYCOMORES";"";"";24480;"LE BUISSON";"";"FRANCE";1959-06-13;"24092 Cendrieux ";"FRANCE";"Française";Gérant ;;;;;;;;;;;;;;;;;;;;;12;2014-09-10;Nouveau dirigeant
2401;"Bergerac";2017B00164;829115542;P.Physique;CLAMENS;;;Mathias Timothée;;;;"  la Haute Ribeyrie";"";"";24100;"Lembras";"24237";"FRANCE";1981-04-15;"24037 Bergerac ";"FRANCE";"Française";Président;;;;;;;;;;;;;;;;;;;;;1;2017-05-03;Nouveau dirigeant
