﻿Code Greffe;Nom_Greffe;Numero_Gestion;Siren;Date_Dépôt;Numéro_Dépôt;Date_Clôture;Durée_Exercice;Type_Remise;Confidentialité;Confidentialité_Compte_résultat;Etat
2401;"Bergerac";2008B00241;508116357;2011-11-10;2412;2009-12-31;16;CS;;;Déposé
2401;"Bergerac";2008B00241;508116357;2011-11-10;2413;2010-12-31;12;CS;;;Déposé
2401;"Bergerac";2008B00241;508116357;2015-09-14;2184;2012-12-31;12;CS;;;Déposé
2401;"Bergerac";2008B00241;508116357;2015-09-14;2185;2013-12-31;12;CS;Oui;;Déposé
2401;"Bergerac";2008B00241;508116357;2015-09-14;2186;2014-12-31;12;CS;Oui;;Déposé
