﻿Code Greffe;Nom_Greffe;Numero_Gestion;Siren;Type;Siège_PM;RCS_Registre;Adresse_Ligne1;Adresse_Ligne2;Adresse_Ligne3;Code_Postal;Ville;Code_Commune;Pays;Domiciliataire_Nom;Domiciliataire_Siren;Domiciliataire_Greffe;Domiciliataire_Complément;Siege_Domicile_Représentant;Nom_Commercial;Enseigne;Activité_Ambulante;Activité_Saisonnière;Activité_Non_Sédentaire;Date_Début_Activité;Activité;Origine_Fonds;Origine_Fonds_Info;Type_Exploitation;ID_Etablissement;Date_Greffe;Libelle_Evt
2401;"Bergerac";2008B00241;508116357;SIE;;;"  Grand Rue";"";"";24560;"Issigeac";"24212";"FRANCE";;;;;;;;;;;;;;;;1;2008-09-30;Etablissement ouvert
2401;"Bergerac";2008B00241;508116357;PRI;;;"  Grand Rue";"";"";24560;"Issigeac";"24212";"FRANCE";;;;;;"CENTRE DE ZEN SHIATSU";"";non;non;non;2008-09-01;"Conseil en relaxation détente et bien être formation en relaxologie";"Création";;"Exploitation directe";2;2008-09-30;Etablissement ouvert
2401;"Bergerac";2001B00099;438209504;SIE;;;"  Le Bignac";"";"";24520;"SAINT NEXANS";"24472";"FRANCE";;;;;;;;;;;;;;;;0;2012-08-07;Etablissement ouvert
2401;"Bergerac";2001B00099;438209504;SEC;;;"  Le Bignac";"";"";24520;"Saint-Nexans";"24472";"FRANCE";;;;;;"";"LA CHARTREUSE DU BIGNAC";non;non;non;2006-02-21;"Hôtel restaurant.";"Création";;"Exploitation directe";11;2012-08-07;Etablissement ouvert
2401;"Bergerac";2001B00099;438209504;PRI;;;"  Le Bignac";"";"";24520;"SAINT NEXANS";"24472";"FRANCE";;;;;;"";"";non;non;non;2001-06-01;"Formation location de salles études et conseils prestations hôtelières";"Création";;"Exploitation directe";10;2012-08-07;Etablissement ouvert
