﻿Code Greffe;Nom_Greffe;Numero_Gestion;Siren;Type_Inscription;Date_Immatriculation;Date_1re_Immatriculation;Date_Radiation;Date_Transfert;Sans_Activité;Date_Debut_Activité;Date_Début_1re_Activité;Date_Cessation_Activité;Nom_Patronymique;Nom_Usage;Pseudonyme;Prénoms;Date_Naissance;Ville_Naissance;Pays_Naissance;Nationalité;Adresse_Ligne1;Adresse_Ligne2;Adresse_Ligne3;Code_Postal;Ville;Code_Commune;Pays;Activité_Forain;EIRL;Auto-entrepreneur;DAP;DAP_Dénomination;DAP_Objet;DAP_Date_Clôture;DAP_Adresse_Ligne1;DAP_Adresse_Ligne2;DAP_Adresse_Ligne3;DAP_Code_Postal;DAP_Ville;DAP_Code_Commune;DAP_Pays;Conjoint_Collab_Nom_Patronym;Conjoint_Collab_Nom_Usage;Conjoint_Collab_Pseudo;Conjoint_Collab_Prénoms;Conjoint_Collab_Date_Fin;Date_Greffe;Libelle_Evt
2401;"Bergerac";2017A00187;538678673;P;2017-05-02;;;;;;;;RAKY;RAKY;;Abdessamad;1969-04-24;" MARRAKECH ";"MAROC";"Italienne";"47 Rue Fustel de Coulanges";"";"BERGERAC";24100;"Bergerac";"24037";"FRANCE";Non;Non;;Non;;;;;;;;;;;;;;;;2017-05-02;Création
2401;"Bergerac";2017A00186;829195890;P;2017-05-02;;;;;;;;LEVIGNE;LEVIGNE;;Damien;1975-03-24;"69286 RILLIEUX-LA-PAPE (69)";"FRANCE";"Française";"10 Rue de Périgueux";"";"";24430;"Razac-sur-l'Isle";"24350";"FRANCE";Non;Non;;Non;;;;;;;;;;;;;;;;2017-05-02;Création
2401;"Bergerac";2017A00188;829222074;P;2017-05-02;;;;;;;;EL FACHAN;;;Milouda;1982-01-01;" OLD YAHYA ";"MAROC";"Marocaine";"4 Rue Clément Marot";"";"";24100;"Bergerac";"24037";"FRANCE";Non;Non;;Non;;;;;;;;;;;;;;;;2017-05-02;Création
2401;"Bergerac";2017A00189;829228063;P;2017-05-02;;;;;;;;DEJEAN;;;Mathilde Anne ;1988-03-28;"24520 Sarlat-la-Canéda ";"FRANCE";"Française";"  Maisonneuve";"";"";24250;"Castelnaud-la-Chapelle";"24086";"FRANCE";Non;Non;;Non;;;;;;;;;;;;;;;;2017-05-02;Création
2401;"Bergerac";1989A00041;323986315;P;1989-02-16;;;;;;;;MEZAUTE ;;;Michel Jean Philippe;1956-04-12;"24037 Bergerac ";;"Française";"";"LE MONGE NORD";"24680 LA MONZ IE SAINT MARTIN";;"";"";"FRANCE";Non;Non;;Non;;;;;;;;;;;;;;;;2017-05-03;Création
