﻿Code Greffe;Nom_Greffe;Numero_Gestion;Siren;Date_Dépôt;Numéro_Dépôt;Date_Acte;Type_Acte;Décision;Etat
2401;"Bergerac";2008B00241;508116357;2008-09-30;1070;2008-09-05;"Acte sous seing privé";"Constitution ";Déposé
2401;"Bergerac";2001B00099;438209504;2017-05-03;793;2017-03-27;"Rapport du commissaire à la transformation";"";Déposé
2401;"Bergerac";2001B00099;438209504;2001-06-21;486;2001-05-29;"Acte sous seing privé";"Constitution ";Déposé
2401;"Bergerac";2001B00099;438209504;2007-03-09;279;2006-12-15;"Procès-verbal d'assemblée générale extraordinaire";"STATUTS MIS A JOUR  ";Déposé
2401;"Bergerac";2001B00099;438209504;2010-07-19;1151;2010-06-22;"Procès-verbal d'assemblée générale ordinaire";"STATUTS MIS A JOUR  ";Déposé
