﻿Code Greffe;Nom_Greffe;Numero_Gestion;Siren;Type_Inscription;Date_Immatriculation;Date_1re_Immatriculation;Date_Radiation;Date_Transfert;Sans_Activité;Date_Debut_Activité;Date_Début_1re_Activité;Date_Cessation_Activité;Denomination;Sigle;Forme_Juridique;Associé_Unique;Activité_Principale;Type_Capital;Capital;Capital_Actuel;Devise;Date_Clôture;Date_Clôture_Except.;Economie_Sociale_Solidaire;Durée_PM;Date_Greffe;Libelle_Evt
2401;"Bergerac";2008B00241;508116357;P;2008-09-30;;;;;;;;"WEIDMANN SYLVIE";"";"Société à responsabilité limitée à associé unique";;"";F;1000.0;;Euros;"31 Décembre";2009-12-31;Non;50;2008-09-30;Création
2401;"Bergerac";2001B00099;438209504;P;2001-06-21;;;;;;;;"LES INSTANTS DU BIGNAC";"";"Société à responsabilité limitée";;"";F;8000.0;;Euros;"30 Septembre";;Non;99;2012-08-07;Création
2401;"Bergerac";2010B00299;524831468;P;2010-09-28;;;;;;;;"UN AUTRE PAYSAGE";"";"Société à responsabilité limitée à associé unique";;"Conception réalisation aménagement de jardins, maçonnerie menuiserie paysagères, décoration jardins intérieurs";F;5000.0;;Euros;"31 Décembre";2011-12-31;Non;99;2010-09-28;Création
2401;"Bergerac";1987B00107;342664976;P;1987-11-06;;;;;;;;"SOCIETE D'EXPLOITATION DES ETABLISSEMENTS ARVOUET";"";"Société à responsabilité limitée";;"L'exploitation d'un fonds de commerce marchand en gros et au détail fixe et ambulant d'oeufs de volailles lapins ou gibiers oies oisons oies grasses et foie gras et plus particulièrement tout négoce et fabrication de produits se rapportant à l'alimentation humaine aussi bien en France qu'à l'étranger activité de boucherie charcuterie et plus généralement le négoce de tous produits se vendant dans les supermarchés";F;200000.0;;Euros;"30 Septembre";;Non;50;2014-09-10;Création
2401;"Bergerac";2017B00164;829115542;P;2017-05-03;2017-05-03;;;;;;;"GUINGUETTE DE POMBONNE";"";"Société par actions simplifiée à associé unique";;"Petite et grande restauration traiteur restauration à emporter activités de loisirs et sportives bar organisation de concerts spectacles animation location de matériels";F;4000.0;;Euros;"31 Décembre";2017-12-31;Non;99;2017-05-03;Création
